dataset,length,win ratio
ml-100k,0,0.09166666666666666
ml-100k,10,0.14166666666666666
ml-100k,20,0.35
ml-100k,50,0.5
ml-100k,100,0.475
ml-100k,200,0.575
ml-100k,500,0.6583333333333333
