dataset,length,win ratio
steam,0,0.041666666666666664
steam,10,0.35
steam,20,0.25833333333333336
steam,50,0.5
steam,100,0.55
steam,200,0.48333333333333334
steam,500,0.5166666666666667
