rec_model,length,win ratio
BPR-MF,0,0.09166666666666666
Sasrec,0,0.125
LightGCN,0,0.13333333333333333
BPR-MF,10,0.325
Sasrec,10,0.30833333333333335
LightGCN,10,0.21666666666666667
BPR-MF,20,0.325
Sasrec,20,0.30833333333333335
LightGCN,20,0.31666666666666665
BPR-MF,50,0.5
Sasrec,50,0.5
LightGCN,50,0.5
BPR-MF,100,0.55
Sasrec,100,0.525
LightGCN,100,0.49166666666666664
BPR-MF,200,0.5333333333333333
Sasrec,200,0.5
LightGCN,200,0.525
BPR-MF,500,0.5666666666666667
Sasrec,500,0.575
LightGCN,500,0.55
