rec_model,length,win ratio
BPR-MF,0,0.09166666666666666
BPR-MF,10,0.325
BPR-MF,20,0.325
BPR-MF,50,0.5
BPR-MF,100,0.55
BPR-MF,200,0.5333333333333333
BPR-MF,500,0.5666666666666667
