rec_model,length,win ratio
LightGCN,0,0.13333333333333333
LightGCN,10,0.21666666666666667
LightGCN,20,0.31666666666666665
LightGCN,50,0.5
LightGCN,100,0.49166666666666664
LightGCN,200,0.525
LightGCN,500,0.55
